Type,TrackingID,Weight
E,PKG00026,43.44
S,PKG00003,49.83
E,PKG00023,27.52
S,PKG00013,41.16
S,PKG00018,48.83
R,PKG00040,9.25
S,PKG00009,3.88
S,PKG00003,49.83
S,PKG00024,48.41
S,PKG00034,0.50
S,PKG00012,1.91
S,PKG00019,28.20
S,PKG00017,27.44
E,PKG00015,47.39
S,PKG00007,48.92
E,PKG00002,7.99
S,PKG00020,20.63
E,PKG00025,18.46
Z,PKG00039,22.00
S,PKG00028,13.37
E,PKG00027,34.01
E,PKG00035,50.75
E,PKG00005,34.84
S,PKG00006,28.35
S,PKG00010,10.00
S,PKG00016,33.38
S,PKG00012,1.91
E,PKG00008,8.95
E,PKG00022,24.36
E,PKG00004,14.43
X,PKG00038,12.50
E,PKG00011,34.39
E,PKG00008,8.95
S,PKG00036,-3.00
S,PKG00024,48.41
E,PKG00037,75.20
S,PKG00018,48.83
E,PKG00021,33.74
E,PKG00001,10.0
S,PKG00014,5.46
