Type,TrackingCode,Weight
E,P0001,43.44
S,P0002,49.83
E,P0003,27.52
S,P0004,41.16
S,P0005,48.83
R,P0006,9.25
S,P0007,3.88
S,P0002,49.83
S,P0008,48.41
S,P0009,0.50
S,P0010,1.91
S,P0011,28.20
S,P0012,27.44
E,P0013,47.39
S,P0014,48.92
E,P0015,7.99
S,P0016,20.63
E,P0017,18.46
Z,P0018,22.00
S,P0019,13.37
E,P0020,34.01
E,P0021,50.75
E,P0022,34.84
S,P0023,28.35
S,P0024,10.00
S,P0025,33.38
S,P0010,1.91
E,P0026,8.95
E,P0027,24.36
E,P0028,14.43
X,P0029,12.50
E,P0030,34.39
E,P0026,8.95
S,P0031,-3.00
S,P0008,48.41
E,P0032,75.20
S,P0005,48.83
E,P0033,33.74
E,P0034,14.18
S,P0035,5.46
